{
  "in_sample": {
    "source": {
      "auroc": 0.7715695760835937,
      "threshold": 0.48587992787361145,
      "precision": 0.5846456692913385,
      "recall": 0.7642820380854349,
      "f1": 0.6625027883113986
    },
    "raw": {
      "auroc": 0.6293103448275862,
      "threshold": 0.4646388292312622,
      "precision": 0.4358974358974359,
      "recall": 0.5862068965517241,
      "f1": 0.5
    },
    "adapted": {
      "auroc": 0.7756352087114338,
      "threshold": 0.22533923387527466,
      "precision": 0.4576271186440678,
      "recall": 0.9310344827586207,
      "f1": 0.6136363636363636
    },
    "mask_n": 8,
    "n_target": 105,
    "n_events": 29,
    "n_source": 7554,
    "n_source_events": 1943
  },
  "cv": null
}